{
  "total_queries": 50,
  "top_k": 10,
  "precision": 0.132,
  "recall": 0.505,
  "hit_rate": 0.78,
  "f1": 0.20929356357927786,
  "elapsed_time": 0.9140079021453857,
  "metrics_at_k": {
    "5": {
      "precision": 0.22000000000000003,
      "recall": 0.42766666666666675,
      "hit": 0.72,
      "mrr": 0.5964126984126984,
      "ndcg": 0.4201448145588867
    },
    "10": {
      "precision": 0.132,
      "recall": 0.505,
      "hit": 0.78,
      "mrr": 0.5964126984126984,
      "ndcg": 0.45283896961863507
    }
  }
}