{
  "total_queries": 1714,
  "top_k": 10,
  "precision": 0.08722287047841128,
  "recall": 0.6926321053508919,
  "hit_rate": 0.7596266044340724,
  "f1": 0.15493485913830626,
  "elapsed_time": 22.62629795074463,
  "metrics_at_k": {
    "5": {
      "precision": 0.15239206534422114,
      "recall": 0.6181071845307556,
      "hit": 0.690781796966161,
      "mrr": 0.5648594210146138,
      "ndcg": 0.5446561502005179
    },
    "10": {
      "precision": 0.08722287047841128,
      "recall": 0.6926321053508919,
      "hit": 0.7596266044340724,
      "mrr": 0.5648594210146138,
      "ndcg": 0.5712169964808369
    }
  }
}